,Frequency,한국어,English
0,1195.0,가게,store
1,898.0,가격,price
2,2986.0,가구,furniture
3,648.0,가깝다,close
4,852.0,가끔,sometimes
5,2757.0,가늘다,thin
6,25.0,가다,go 
7,1196.0,가득,full 
8,698.0,가르치다,teach 
9,1367.0,가리키다,point 
10,1530.0,가방,bag 
11,1189.0,가볍다,light
12,2000.0,가수,singer 
13,384.0,가슴,chest 
14,6526.0,가요,song 
15,264.0,가운데,middle
16,6172.0,가위,scissor
17,1268.0,가을,autumn 
18,127.0,가장,"most, best"
19,3512.0,가져가다,take away
20,1060.0,가져오다,bring
21,409.0,가족,family 
22,2124.0,가지,"kind, sort"
23,94.0,가지다,have
24,751.0,각각,each 
25,1336.0,간단하다,simple 
26,2987.0,간단히,simply
27,8290.0,간식,snack 
28,3100.0,간장,soy sauce 
29,7438.0,간호사,nurse
30,12246.0,갈비,"rip, galbi"
31,38470.0,갈비탕,"galbitang, short rip soup"
32,3342.0,갈색,brown
33,4035.0,갈아입다,change
34,9018.0,갈아타다,transfer
35,8293.0,감,persimmon 
36,3343.0,감기,cold 
37,,감기약,cold medicine
38,2125.0,감다,close
39,,감다,wash 
40,6352.0,감사,thanks
41,3513.0,감자,potato 
42,475.0,갑자기,suddenly
43,788.0,값,value
44,1812.0,강,river 
45,14028.0,강아지,puppy
46,584.0,강하다,strong 
47,190.0,갖다,have
48,22.0,같다,same
49,203.0,같이,together
50,3386.0,갚다,pay back
51,1569.0,개,dog 
52,,개,(counting unit) 
53,799.0,개월,month
54,3102.0,거,thing
55,293.0,거기,there 
56,1258.0,거리,"street, road "
57,,거리,distance 
58,2675.0,거실,living room 
59,2109.0,거울,mirror 
60,306.0,거의,"almost, nearly"
61,,거절,rejection 
62,2246.0,거짓말,lie
63,1129.0,걱정,worry
64,647.0,건강,health 
65,4255.0,건너가다,cross over
66,2276.0,건너다,cross
67,5448.0,건너편,other side
68,649.0,건물,building 
69,546.0,걷다,walk 
70,716.0,걸다,hang 
71,380.0,걸리다,"be hung, catch "
72,1970.0,걸어가다,walk
73,4041.0,걸어오다,walk 
74,1647.0,걸음,step
75,3025.0,검사,inspection 
76,3064.0,검은색,black color
77,,검정,black 
78,1.0,것,thing 
79,2759.0,겉,outside 
80,13080.0,게으르다,lazy
81,877.0,게임,game
82,920.0,겨울,winter
83,211.0,결과,result 
84,16464.0,결석,absent 
85,4763.0,결심,determination 
86,1092.0,결정,decision 
87,601.0,결혼,marriage
88,3389.0,결혼식,wedding ceremony
89,2543.0,경기,match 
90,632.0,경찰,police 
91,3214.0,경찰서,police office
92,5452.0,경치,"scenery , view"
93,585.0,경험,experience
94,2206.0,계단,stairs 
95,6951.0,계란,egg
96,1827.0,계산,calculation 
97,405.0,계속,continue 
98,1432.0,계시다,"be there, stay"
99,2520.0,계절,season 
100,400.0,계획,plan 
101,403.0,고개,head 
102,1055.0,고기,meat 
103,1337.0,고등학교,high school
104,7445.0,고등학생,high school student
105,1496.0,고르다,pick 
106,857.0,고맙다,thank you 
107,1848.0,고모,aunt 
108,1748.0,고민,worry
109,11580.0,고속버스,express bus
110,1987.0,고양이,cat
111,1480.0,고장,"breakdown, failure"
112,6014.0,고추장,red pepper paste
113,1503.0,고치다,fix 
114,5860.0,고프다,hungry
115,593.0,고향,hometown 
116,307.0,곧,soon 
117,116.0,곳,place 
118,988.0,공,ball 
119,1865.0,공무원,public official
120,490.0,공부,study 
121,2950.0,공원,park 
122,685.0,공장,factory 
123,6540.0,공짜,free
124,5179.0,공책,notebook 
125,2433.0,공항,airport 
126,9466.0,공휴일,holiday
127,8674.0,과거,past 
128,1491.0,과일,fruit 
129,4402.0,과자,sweets 
130,152.0,관계,relationship 
131,1719.0,관광,tourism 
132,3730.0,관광객,tourist
133,7182.0,관광지,tourist destination
134,312.0,관심,interest 
135,316.0,광고,advertisement 
136,,광주,Gwangju 
137,813.0,괜찮다,okay
138,9474.0,괴로워하다,suffer
139,2887.0,교과서,textbook
140,474.0,교사,teacher 
141,371.0,교수,professor 
142,1339.0,교실,classroom
143,198.0,교육,education
144,1249.0,교통,transportation 
145,,교통비,transportation fee
146,3517.0,교통사고,traffic accident
147,3107.0,교환,exchange 
148,1708.0,교회,church 
149,10999.0,구,nine
150,2705.0,구경,sightseeing
151,3217.0,구두,shoes 
152,2493.0,구름,cloud 
153,,구십,ninety
154,1076.0,구월,September 
155,3732.0,국,soup 
156,447.0,국내,domestic 
157,6022.0,국수,noodle 
158,4868.0,국적,nationality 
159,878.0,국제,international 
160,2434.0,군인,soldier
161,3259.0,굳다,harden/hard
162,1937.0,굵다,"thick, big"
163,1892.0,굽다,"bake, roast, grill"
164,1849.0,궁금하다,curious
165,1672.0,권,volume 
166,840.0,귀,ear 
167,,귀걸이,earring
168,,귀여워하다,"love, adore"
169,2617.0,귀엽다,cute
170,3679.0,귀찮다,"bother, feel annoyed"
171,2127.0,규칙,rule 
172,10419.0,귤,tangerine
173,15.0,그,that 
174,139.0,그거,it
175,48.0,그것,that
176,860.0,그곳,there
177,672.0,그날,that day
178,303.0,그냥,just
179,340.0,그대로,as it is
180,473.0,그동안,meantime
181,187.0,그때,at that time
182,330.0,그래,"yes, ok "
183,134.0,그래서,therefore
184,34.0,그러나,but
185,785.0,그러니까,so
186,636.0,그러면,then
187,1127.0,그러므로,therefore
188,54.0,그런,such 
189,142.0,그런데,by the way
190,457.0,그럼,then 
191,,그럼,"yes, of course "
192,38.0,그렇다,yes
193,1120.0,그렇지만,but
194,1563.0,그릇,bowl 
195,52.0,그리고,and
196,439.0,그리다,draw 
197,362.0,그림,figure 
198,3853.0,그립다,miss 
199,745.0,그만,stop 
200,1866.0,그만두다,"quit, leave"
201,2706.0,그분,him
202,20155.0,그저께,day before yesterday
203,3027.0,그쪽,"that way, there"
204,1150.0,그치다,stop
205,2331.0,극장,theater
206,1151.0,근처,"around, near"
207,252.0,글,writing
208,1972.0,글쎄,well 
209,4119.0,글쎄요,well
210,3976.0,글씨,writing
211,1564.0,글자,letter
212,1597.0,금방,a moment ago
213,7714.0,금요일,friday
214,2591.0,금지,"ban, prohibition"
215,2437.0,급하다,in a hurry
216,678.0,기간,period 
217,298.0,기다리다,wait
218,882.0,기르다,"cultivate, raise"
219,1893.0,기름,oil 
220,,기말시험,final exam
221,525.0,기분,mood
222,3308.0,기뻐하다,be happy
223,1625.0,기쁘다,happy
224,1633.0,기쁨,pleasure
225,4776.0,기숙사,dormitory
226,847.0,기억,memory 
227,7464.0,기억나다,remember
228,2379.0,기온,temperature
229,637.0,기자,reporter 
230,2919.0,기차,train 
231,,기차역,train station
232,,기차표,train ticket
233,7466.0,기침,cough 
234,3068.0,기타,other
235,770.0,기회,opportunity
236,2464.0,긴장,tension
237,173.0,길,"street, road "
238,386.0,길다,long
239,1283.0,길이,length
240,6970.0,김,"laver, seaweed"
241,7720.0,김밥,kimbap
242,2207.0,김치,kimchi 
243,16599.0,김치찌개,kimchi stew
244,461.0,깊다,deep
245,3224.0,깊이,depth
246,26135.0,까만색,black color
247,3264.0,까맣다,black
248,2465.0,깎다,cut
249,2762.0,깜짝,surprise 
250,1939.0,깨끗이,clean
251,1471.0,깨끗하다,clean
252,2277.0,깨다,wake up 
253,791.0,꺼내다,take out
254,4262.0,껌,chewing gum
255,2993.0,꼭,surely
256,470.0,꽃,flower 
257,,꽃다발,bouquet
258,,꽃병,vase
259,,꽃집,"florist, flower shop"
260,3028.0,꾸다,dream 
261,535.0,꿈,a dream
262,2495.0,끄다,turn off 
263,1614.0,끊다,quit
264,2854.0,끓다,(sth) boil
265,1416.0,끓이다,boil (sth)
266,333.0,끝,end 
267,376.0,끝나다,"(sth) end, finish"
268,1452.0,끝내다,finish (sth)
269,4331.0,끼다,wear
270,8.0,나,I
271,196.0,나가다,go out
272,304.0,나누다,"divide, split"
273,104.0,나다,happen
274,226.0,나라,country
275,1290.0,나머지,"remainder, the rest"
276,540.0,나무,tree
277,873.0,나쁘다,bad
278,50.0,나오다,come out
279,429.0,나이,age
280,1018.0,나중,later
281,160.0,나타나다,appear
282,11024.0,나흘,four days
283,2278.0,낚시,fishing
284,143.0,날,day
285,2230.0,날다,fly
286,1291.0,날씨,weather
287,,날씬하다,slim
288,7201.0,날아다니다,fly around
289,2994.0,날짜,date
290,360.0,남,other
291,1056.0,남기다,leave
292,1068.0,남녀,male and female
293,290.0,남다,"remain, be left"
294,,남대문,Namdaemun
295,9077.0,남동생,brother
296,,남산,Namsan
297,742.0,남성,male 
298,154.0,남자,man 
299,1598.0,남쪽,South
300,255.0,남편,husband 
301,5594.0,남학생,male student
302,3226.0,낫다,"recover, be better"
303,,낫다,better
304,1184.0,낮,daytime
305,974.0,낮다,low
306,,낮잠,nap
307,463.0,내,my 
308,10449.0,내과,internal medicine
309,1941.0,내년,next year
310,182.0,내다,"give, set"
311,1041.0,내려가다,go down
312,894.0,내려오다,come down
313,243.0,내리다,"get off, fall"
314,212.0,내용,content
315,3520.0,내일,tomorrow
316,4877.0,냄비,pot
317,1061.0,냄새,smell
318,13192.0,냉면,cold noodle
319,3311.0,냉장고,refrigerator
320,100.0,너,you
321,225.0,너무,too
322,1588.0,너희,your
323,638.0,넓다,wide
324,476.0,넘다,over
325,4332.0,넘어지다,fall down
326,219.0,넣다,"put, place, lay"
327,1304.0,네,you
328,,네,four
329,,네,yes
330,6766.0,넥타이,necktie
331,6980.0,넷,four
332,10452.0,넷째,fourth
333,26.0,년,year
334,8329.0,노란색,yellow color
335,3109.0,노랗다,yellow
336,487.0,노래,song 
337,3977.0,노래방,karaoke
338,494.0,노력,effort 
339,1086.0,노인,old man 
340,8031.0,노트,note
341,4265.0,녹색,green
342,16643.0,녹차,green tea 
343,418.0,놀다,play
344,594.0,놀라다,surprised
345,1177.0,놀이,"play, game"
346,9968.0,농구,basketball 
347,2856.0,농담,joke 
348,277.0,높다,high
349,2210.0,높이,height 
350,,높이,"high, highly"
351,151.0,놓다,"put, lay down"
352,114.0,누구,who
353,1140.0,누나,sister 
354,1599.0,누르다,press 
355,107.0,눈,eye
356,,눈,snow 
357,814.0,눈물,tears 
358,981.0,눕다,lie down 
359,914.0,뉴스,news
360,222.0,느끼다,feel 
361,401.0,느낌,feeling
362,3860.0,느리다,slow 
363,707.0,늘,"always, all the time"
364,1427.0,늘다,increase 
365,1658.0,늙다,old
366,502.0,능력,ability 
367,3630.0,늦다,late
368,89.0,다,all
369,1876.0,다녀오다,be back
370,284.0,다니다,to go
371,163.0,다르다,different 
372,82.0,다른,different 
373,747.0,다리,leg 
374,,다리,bridge
375,,다림질,ironing
376,7476.0,다섯,five
377,20314.0,다섯째,fifth
378,81.0,다시,again 
379,,다양,various
380,112.0,다음,next
381,,다음날,next day
382,11043.0,다이어트,diet
383,3110.0,다치다,hurt 
384,1506.0,다하다,fulfill
385,810.0,닦다,polish 
386,5470.0,단순,simple 
387,2192.0,단어,word
388,11684.0,단추,button 
389,13214.0,단풍,autumn leaves 
390,1959.0,닫다,close
391,1115.0,달,month 
392,2438.0,달걀,egg
393,1877.0,달다,sweet
394,5088.0,달력,calendar
395,4050.0,달리기,running
396,1790.0,달리다,run 
397,2857.0,닭,chicken
398,7478.0,닭고기,chicken meat
399,2211.0,닮다,resemble
400,679.0,담배,"tobacco, cigar"
401,4191.0,답,answer
402,2618.0,답답하다,stuffy
403,7738.0,답장,reply
404,5090.0,대,(unit of machines)
405,,대구,Daegu 
406,1453.0,대답,answer
407,391.0,대부분,most
408,5883.0,대사관,embassy
409,,대전,Daejeon 
410,261.0,대학,university 
411,4416.0,대학교,university
412,1944.0,대학생,college student
413,3268.0,대학원,graduate school
414,699.0,대화,conversation 
415,485.0,대회,competition 
416,1867.0,댁,home 
417,46.0,더,more
418,3269.0,더럽다,dirty
419,273.0,더욱,"more, even"
420,2892.0,덕분,thanks 
421,621.0,던지다,throw
422,2678.0,덥다,hot 
423,5094.0,데려가다,take
424,9529.0,데려오다,bring
425,5598.0,데이트,date
426,1198.0,도,degree
427,4417.0,도로,road 
428,1732.0,도서관,library
429,423.0,도시,city ​​
430,2194.0,도와주다,help
431,714.0,도움,help
432,9103.0,도착,arrival
433,4196.0,독서,reading 
434,,독일,Germany
435,140.0,돈,money 
436,,돈가스,pork cutlet
437,1375.0,돌,stone 
438,927.0,돌다,spin
439,6776.0,돌려주다,"give back, return"
440,505.0,돌리다,turn 
441,519.0,돌아가다,"rotate, return"
442,377.0,돌아오다,come back
443,1109.0,돕다,help
444,793.0,동네,"town, local"
445,,동대문,Dong Dae Moon
446,1294.0,동물,animal
447,12428.0,동물원,zoo
448,602.0,동생,brother 
449,529.0,동시,simultaneous
450,214.0,동안,while 
451,4503.0,동전,coin
452,2569.0,동쪽,east
453,2893.0,돼지,pig
454,4418.0,돼지고기,pork
455,5.0,되다,become 
456,,-되다,be (passive)
457,4994.0,된장,soybean paste
458,10482.0,된장찌개,soybean paste stew
459,63.0,두,two
460,2827.0,두껍다,thick
461,266.0,두다,put 
462,5603.0,두부,tofu
463,5473.0,두세,two to three
464,6394.0,두통,headache
465,575.0,둘,two 
466,1660.0,둘째,second
467,87.0,뒤,back 
468,5100.0,뒤쪽,(direction) back 
469,2078.0,드디어,finally
470,1237.0,드라마,drama
471,1460.0,드리다,give 
472,88.0,듣다,listen 
473,3142.0,들다,cost
474,,들다,lift 
475,1961.0,들르다,drop by
476,866.0,들리다,hear 
477,158.0,들어가다,enter
478,256.0,들어오다,come into
479,1019.0,등,(body) back
480,4996.0,등산,climbing
481,3036.0,디자인,design
482,1312.0,따뜻하다,warm
483,1313.0,따로,separately
484,625.0,딸,daughter 
485,8053.0,딸기,strawberry
486,1399.0,땀,sweat 
487,321.0,땅,land 
488,19.0,때,when 
489,327.0,떠나다,leave
490,2765.0,떠들다,talk 
491,1443.0,떡,rice cake 
492,18402.0,떡국,Rice cake soup
493,13255.0,떡볶이,"Tteokbokki, rice cake"
494,299.0,떨어지다,"drop, fall"
495,40.0,또,again 
496,250.0,또는,or
497,1376.0,똑같다,same
498,2622.0,똑같이,same
499,3864.0,똑똑하다,smart
500,5201.0,똑바로,straight
501,11721.0,뚱뚱하다,fat
502,1852.0,뛰다,run 
503,4598.0,뛰어가다,run
504,1178.0,뜨겁다,hot
505,1389.0,뜨다,open (eye)
506,296.0,뜻,meaning
507,1571.0,라디오,radio
508,2623.0,라면,Ramen 
509,,러시아,Russia
510,5892.0,레스토랑,restaurant
511,1617.0,마당,yard
512,1649.0,마르다,dry
513,1168.0,마리,(unit of animals)
514,365.0,마시다,drink
515,480.0,마을,village 
516,148.0,마음,heart 
517,8736.0,마중,meet
518,626.0,마지막,last
519,711.0,마치다,"finish, end"
520,,마트,mart
521,9548.0,마흔,forty
522,4421.0,막걸리,"Makgeolli, rice wine"
523,1344.0,막히다,blocked
524,811.0,만,ten thousand
525,166.0,만나다,meet
526,16774.0,만두,dumpling 
527,61.0,만들다,make
528,1134.0,만약,what if
529,1761.0,만일,just in case
530,2522.0,만지다,touch
531,2059.0,만화,cartoon 
532,43.0,많다,many
533,98.0,많이,a lot of
534,28.0,말,"talk, speak"
535,,말,horse 
536,,말,end
537,5343.0,말다,stop
538,,말레이시아,Malaysia
539,812.0,말씀,words
540,1077.0,맑다,clear 
541,390.0,맛,taste 
542,15475.0,맛없다,not delicious
543,1020.0,맛있다,delicious
544,378.0,맞다,right 
545,694.0,맞추다,"guess, adjust"
546,2767.0,매년,every year
547,3982.0,매다,"tie, fasten"
548,5897.0,매달,medal
549,393.0,매우,very 
550,1272.0,매일,everyday
551,6995.0,매주,weekly 
552,,매표소,ticket box
553,2861.0,맥주,beer
554,6050.0,맵다,spicy
555,288.0,머리,head 
556,3983.0,머리카락,hair
557,10015.0,먹다,eat 
558,283.0,먼저,first
559,718.0,멀다,far 
560,997.0,멀리,far 
561,1418.0,멈추다,stop
562,5346.0,멋,fashion 
563,5206.0,멋있다,cool
564,5002.0,메뉴,menu
565,6051.0,메다,carry
566,7231.0,메모,memo
567,3526.0,메시지,message
568,23197.0,메일,mail
569,1021.0,며칠,several days
570,77.0,명,person
571,3926.0,명절,holiday
572,3743.0,몇,"some, several"
573,6582.0,모기,mosquito 
574,708.0,모두,all 
575,137.0,모든,every
576,12460.0,모레,day after tomorrow
577,59.0,모르다,don't know
578,164.0,모습,appearance
579,1368.0,모시다,look after
580,464.0,모양,shape 
581,508.0,모으다,gather (sth)
582,610.0,모이다,be gathered
583,906.0,모임,meeting
584,4059.0,모자,hat
585,2829.0,모자라다,insufficient
586,1230.0,목,neck
587,10505.0,목걸이,necklace 
588,,목도리,scarf
589,486.0,목소리,voice
590,11099.0,목요일,thursday
591,3808.0,목욕,bath
592,5749.0,목욕탕,bathhouse
593,740.0,목적,purpose
594,156.0,몸,body 
595,3745.0,못,can't
596,11104.0,못생기다,ugly
597,495.0,못하다,can't do
598,,몽골,Mongolia
599,3687.0,무,radish
600,1662.0,무겁다,heavy
601,2442.0,무게,weight
602,6405.0,무궁화,Mugunghwa
603,3688.0,무료,free
604,1637.0,무릎,knee
605,1051.0,무섭다,scary
606,221.0,무슨,what
607,135.0,무엇,"what, anything"
608,1169.0,무척,very 
609,469.0,문,door 
610,53.0,문제,problem
611,73.0,문화,culture
612,2282.0,묻다,ask 
613,165.0,물,water 
614,560.0,물건,thing
615,3579.0,물고기,fish
616,213.0,물론,of course
617,1483.0,물어보다,ask
618,108.0,뭐,what
619,,미국,USA
620,5753.0,미끄러지다,slip
621,1298.0,미래,future
622,1242.0,미리,in advance 
623,3748.0,미술관,art gallery
624,,미안,sorry 
625,,미역국,seaweed soup
626,44499.0,미용실,beauty salon
627,843.0,미터,meter
628,431.0,믿다,"trust, believe"
629,2625.0,밀가루,flour
630,1485.0,밀다,push 
631,652.0,밑,bottom 
632,2626.0,바깥,outside
633,5904.0,바깥쪽,the outside
634,432.0,바꾸다,change (something)
635,759.0,바뀌다,be changed
636,7773.0,바나나,banana
637,488.0,바다,ocean
638,1327.0,바닥,floor 
639,2959.0,바닷가,beach
640,583.0,바라다,hope 
641,387.0,바라보다,look at
642,1663.0,바람,wind 
643,132.0,바로,right 
644,1497.0,바르다,apply (location)
645,868.0,바쁘다,busy
646,3928.0,바이올린,violin
647,2627.0,바지,pants 
648,1517.0,박물관,museum
649,3148.0,박수,"applause, clap"
650,257.0,밖,outside
651,834.0,반,half
652,,반,class 
653,1868.0,반갑다,"glad, welcome"
654,1218.0,반대,the opposite
655,781.0,반드시,"certainly, definitely"
656,,반바지,shorts
657,6060.0,반지,ring 
658,3352.0,반찬,side dish
659,47.0,받다,receive 
660,,받아쓰다,dictate
661,564.0,발,foot 
662,4602.0,발가락,toes
663,9145.0,발바닥,sole
664,8753.0,밝다,bright
665,276.0,밤,night 
666,353.0,밥,"rice, meal"
667,318.0,방,room 
668,2802.0,방금,just 
669,4427.0,방문,door 
670,,방문,visit
671,179.0,방법,"way, method"
672,538.0,방송,broadcast
673,2004.0,방송국,broadcast station
674,1581.0,방학,vacation
675,484.0,방향,direction 
676,850.0,배,belly
677,,배,ship 
678,,배,pear
679,,배,(two) times
680,7249.0,배달,delivery 
681,8756.0,배드민턴,badminton
682,2197.0,배우,actor 
683,441.0,배우다,learn 
684,4129.0,배추,cabbage 
685,,배탈,stomachache 
686,15575.0,백,one hundred 
687,,백만,million
688,1974.0,백화점,department store
689,4897.0,뱀,snake
690,2383.0,버릇,habit
691,704.0,버리다,throw away 
692,719.0,버스,bus 
693,138.0,번,number 
694,774.0,번째,(number)-th
695,4276.0,번호,number 
696,4898.0,벌,(unit of clothes)
697,1087.0,벌다,earn 
698,686.0,벌써,already
699,1104.0,벗다,Take off
700,,베트남,Vietnam
701,1199.0,벽,wall 
702,690.0,변하다,change
703,3280.0,변호사,lawyer
704,1346.0,별,star
705,801.0,별로,not very 
706,1306.0,병,"sick, disease"
707,,병,bottle 
708,,병문안,visit (a sick person)
709,628.0,병원,hospital 
710,265.0,보내다,send
711,21.0,보다,"see, watch"
712,,보다,more
713,16935.0,보라색,purple
714,93.0,보이다,be seen
715,,보이다,show
716,1794.0,보통,"usually, average"
717,18638.0,복습,review
718,1347.0,복잡하다,complex
719,1698.0,볶다,fry
720,8090.0,볶음밥,fried rice
721,9583.0,볼펜,ballpoint pen 
722,972.0,봄,spring 
723,2741.0,봉투,envelope 
724,4609.0,뵙다,(honorific) meet
725,2356.0,부끄럽다,embarrassed
726,1062.0,부드럽다,soft
727,2412.0,부럽다,envy
728,227.0,부르다,call 
729,,부르다,full
730,1160.0,부모님,parents
731,977.0,부부,couple 
732,291.0,부분,part 
733,,부산,Busan 
734,2159.0,부엌,kitchen
735,1619.0,부인,wife 
736,3150.0,부자,the rich
737,2413.0,부장,manager
738,1869.0,부족,lack 
739,10068.0,부지런하다,diligent
740,4611.0,부치다,send 
741,3582.0,부탁,request
742,2179.0,북쪽,north
743,499.0,분,person
744,,분,minute
745,958.0,분명하다,clear 
746,,분식,"bunsik, snacks "
747,425.0,분위기,atmosphere
748,11819.0,분홍색,pink
749,506.0,불,fire 
750,3754.0,불고기,bulgogi (food)
751,1263.0,불다,blow 
752,3188.0,불쌍하다,pitiful
753,1992.0,불안,anxiety 
754,4062.0,불편,discomfort 
755,1946.0,붉다,red 
756,734.0,붙다,"stick, paste"
757,705.0,붙이다,"stick, paste"
758,7795.0,블라우스,blouse
759,592.0,비,rain 
760,2596.0,비교,comparison
761,6608.0,비누,soap
762,900.0,비다,empty
763,1882.0,비디오,video
764,1357.0,비밀,secret
765,13411.0,비빔밥,bibimbap (mixed rice)
766,760.0,비슷하다,similar
767,1819.0,비싸다,expensive
768,1171.0,비행기,airplane
769,6076.0,빌딩,building
770,1315.0,빌리다,borrow
771,613.0,빠르다,fast
772,1220.0,빠지다,fall in
773,9605.0,빨간색,read color
774,2385.0,빨갛다,red
775,5223.0,빨다,"wash, clean"
776,2632.0,빨래,wash
777,572.0,빨리,hurry
778,2130.0,빵,bread 
779,,빵집,bakery
780,998.0,빼다,"subtract, remove"
781,1238.0,뽑다,pull out
782,11837.0,사,four
783,,사거리,intersection
784,8407.0,사계절,four seasons
785,691.0,사고,accident 
786,3237.0,사과,apple 
787,3238.0,사귀다,date
788,199.0,사다,buy
789,12.0,사람,person
790,373.0,사랑,love 
791,1781.0,사무실,office
792,103.0,사실,fact
793,15648.0,사십,fourty
794,520.0,사업,business
795,1026.0,사용,usage
796,1006.0,사월,April 
797,178.0,사이,between 
798,,사이다,cider (beverage)
799,,사이즈,size 
800,1116.0,사장,president 
801,2653.0,사전,dictionary 
802,728.0,사진,picture 
803,20886.0,사탕,candy 
804,3151.0,사흘,three days
805,465.0,산,mountain 
806,4802.0,산책,walk
807,2234.0,살,weight
808,,살,year old
809,55.0,살다,live 
810,5923.0,삼,three
811,,삼거리,3-way intersection
812,,삼겹살,pork belly
813,12569.0,삼계탕,samgyetang (food)
814,18764.0,삼십,thirty
815,1117.0,삼월,March
816,5117.0,삼촌,uncle
817,3116.0,상,award
818,3587.0,상자,box 
819,1752.0,상처,wound 
820,9184.0,상추,lettuce 
821,963.0,상품,product
822,3117.0,새,bird 
823,,새,new
824,968.0,새로,newly
825,180.0,새롭다,"new, fresh"
826,1045.0,새벽,dawn 
827,3588.0,새해,new year
828,1358.0,색,color 
829,1603.0,색깔,color
830,3005.0,샌드위치,sandwich
831,75.0,생각,thought 
832,2064.0,생각나다,think of
833,253.0,생기다,be formed
834,2803.0,생선,fish
835,12576.0,생신,(honorific) birthday 
836,1963.0,생일,birthday 
837,174.0,생활,life
838,8795.0,샤워,shower
839,3240.0,서너,three or four
840,206.0,서다,stand 
841,1620.0,서두르다,hurry
842,7274.0,서랍,drawer
843,311.0,서로,each other 
844,3006.0,서류,document
845,12580.0,서른,thirty
846,1331.0,서비스,service
847,1057.0,서양,western
848,,서울,Seoul 
849,5229.0,서점,bookstore 
850,3152.0,서쪽,west
851,1921.0,섞다,mix
852,1741.0,선물,gift 
853,1122.0,선배,senior
854,204.0,선생님,teacher
855,,선선하다,cool 
856,831.0,선수,player 
857,2316.0,선택,select
858,10100.0,선풍기,fan
859,6435.0,설거지,dish wash
860,4704.0,설날,(Lunar) New Year
861,23768.0,설렁탕,(food) seolleongtang
862,965.0,설명,explanation
863,2236.0,설탕,sugar
864,1964.0,섬,island
865,4617.0,섭섭하다,"sorry, regrettable"
866,5768.0,성,family name
867,404.0,성격,personality 
868,2357.0,성공,success
869,6619.0,성적,grade 
870,18828.0,성함,name
871,413.0,세,three
872,,세,age
873,120.0,세계,world 
874,3820.0,세다,strong
875,,세배,New year's bow
876,258.0,세상,world 
877,6621.0,세수,wash up
878,407.0,세우다,stand 
879,8116.0,세탁,laundry
880,8809.0,세탁기,washing machine
881,18841.0,세탁소,"laundry, washhouse"
882,4132.0,센터,center
883,956.0,센티미터,centimeter
884,2771.0,셋,three
885,5023.0,셋째,third
886,2415.0,소,cow
887,3416.0,소개,introduction 
888,,소고기,beef
889,1221.0,소금,salt 
890,80.0,소리,sound 
891,604.0,소설,novel 
892,1079.0,소식,news 
893,2772.0,소주,soju (beverage)
894,1993.0,소중하다,precious
895,4073.0,소파,sofa 
896,11884.0,소포,parcel
897,5121.0,소풍,picnic 
898,,소화제,digestive medicine
899,60.0,속,inside
900,1072.0,속도,speed 
901,5122.0,속옷,underwear
902,185.0,손,hand 
903,1273.0,손가락,finger
904,11888.0,손녀,granddaughter
905,902.0,손님,guest
906,2773.0,손바닥,palm
907,8121.0,손수건,handkerchief
908,8813.0,송편,songpyeon (cake)
909,9202.0,쇼핑,shopping
910,6.0,수,number 
911,4527.0,수건,towel
912,7816.0,수고,hard work 
913,4353.0,수박,watermelon 
914,1722.0,수술,surgery 
915,9208.0,수업,lesson
916,2899.0,수영,swimming 
917,,수영복,swimsuit
918,11896.0,수영장,swimming pool
919,7818.0,수요일,Wednesday
920,8438.0,수저,spoon 
921,,수첩,notebook 
922,1627.0,숙제,homework 
923,,순두부찌개,tofu stew (food)
924,1948.0,순서,order
925,7561.0,숟가락,spoon 
926,372.0,술,alcohol 
927,2387.0,술집,bar
928,1820.0,숫자,number
929,992.0,쉬다,rest 
930,,쉬다,breathe
931,27846.0,쉰,fifty 
932,246.0,쉽다,easy
933,6447.0,슈퍼마켓,supermarket
934,4078.0,스무,twenty
935,10126.0,스물,twenty
936,614.0,스스로,oneself
937,6628.0,스웨터,sweater
938,,스카프,scarf
939,17164.0,스케이트,skate
940,9214.0,스키,ski
941,10634.0,스키장,ski resort
942,1676.0,스타,star
943,1486.0,스트레스,stress
944,,스파게티,pasta
945,1689.0,스포츠,sports
946,7822.0,슬퍼하다,sorrow
947,2284.0,슬프다,sad
948,2804.0,슬픔,sadness
949,1742.0,습관,habit
950,2657.0,시,city
951,,시,hour
952,551.0,시간,time 
953,,시간표,schedule
954,1677.0,시계,watch 
955,1539.0,시골,countryside
956,4809.0,시끄럽다,noisy
957,2340.0,시내,downtown 
958,,시다,"sour, acidic"
959,611.0,시민,citizen
960,3824.0,시어머니,mother-in-law
961,1844.0,시원하다,cool
962,1509.0,시월,October 
963,1454.0,시작,start
964,5513.0,시장,market
965,5639.0,시청,city hall
966,876.0,시키다,ask someone to
967,639.0,시험,exam
968,1556.0,식구,family member
969,3878.0,식다,"cool off, get cold "
970,1393.0,식당,restaurant
971,4711.0,식빵,bread
972,928.0,식사,meal 
973,6091.0,식초,vinegar
974,2932.0,식탁,table
975,1723.0,식품,food
976,2715.0,신다,put on
977,3156.0,신랑,groom 
978,513.0,신문,newspaper 
979,2199.0,신발,shoes
980,7054.0,신부,bride 
981,,신분증,ID card
982,2658.0,신선하다,fresh 
983,2359.0,신청,application 
984,2868.0,신호,signal 
985,6269.0,신호등,traffic light
986,6270.0,신혼여행,honeymoon
987,1520.0,싣다,load 
988,7291.0,실례,excuse 
989,1540.0,실수,mistake 
990,3242.0,실패,failure 
991,776.0,싫다,hate
992,2636.0,싫어하다,dislike
993,1333.0,심다,plant 
994,6634.0,심심하다,bored 
995,761.0,심하다,severe
996,24036.0,십,ten
997,,십만,hundred thousand
998,1410.0,십이월,December
999,2099.0,십일월,November
1000,8830.0,싱겁다,bland
1001,2100.0,싸다,wrap
1002,,싸다,cheap
1003,1007.0,싸우다,fight
1004,695.0,쌀,rice
1005,,쌀쌀하다,cold
1006,1521.0,쌓다,stack
1007,1098.0,썰다,cut 
1008,169.0,쓰다,write 
1009,,쓰다,wear
1010,,쓰다,use
1011,,쓰다,bitter
1012,1046.0,쓰레기,garbage
1013,7835.0,쓰레기통,trash can
1014,3361.0,씨,"Mr, Mrs"
1015,2968.0,씹다,chew
1016,947.0,씻다,wash
1017,297.0,아,Ah 
1018,2474.0,아가씨,Miss
1019,615.0,아기,baby 
1020,1363.0,아까,a while ago
1021,913.0,아나운서,announcer
1022,408.0,아내,wife 
1023,817.0,아니,no 
1024,16.0,아니다,not
1025,2447.0,아니요,no
1026,295.0,아들,son
1027,453.0,아래,below 
1028,7059.0,아래쪽,down
1029,4712.0,아르바이트,part-time
1030,332.0,아름답다,beautiful
1031,735.0,아마,maybe 
1032,748.0,아무,"no (one, where…)"
1033,1464.0,아무것,anything
1034,693.0,아무리,no matter how
1035,2870.0,아버님,father
1036,153.0,아버지,father
1037,379.0,아빠,dad
1038,96.0,아이,child 
1039,14611.0,아이스크림,ice cream
1040,616.0,아저씨,mister
1041,274.0,아주,very 
1042,1743.0,아주머니,old lady
1043,2419.0,아줌마,madam
1044,201.0,아직,yet 
1045,323.0,아침,morning
1046,851.0,아파트,apartment
1047,589.0,아프다,sick
1048,12669.0,아홉,nine
1049,49265.0,아흔,ninety
1050,3122.0,악기,musical instrument 
1051,118.0,안,inside
1052,,안,not
1053,3762.0,안개,fog
1054,2659.0,안경,glasses 
1055,4219.0,안내,information
1056,,안내문,notice
1057,7294.0,안녕,hi
1058,4444.0,안녕히,bye
1059,929.0,안다,"hug, hold"
1060,2970.0,안되다,not
1061,2115.0,안전,safety 
1062,3362.0,안쪽,inside
1063,183.0,앉다,sit
1064,36.0,알다,know
1065,993.0,알리다,inform
1066,1364.0,알맞다,fit
1067,388.0,알아보다,inquire
1068,64.0,앞,front
1069,7838.0,앞쪽,front
1070,4291.0,애,"child, kid"
1071,3419.0,애인,lover 
1072,7840.0,앨범,album
1073,821.0,야,night 
1074,2688.0,야구,baseball
1075,3194.0,야채,vegetable
1076,9247.0,약,about 
1077,,약,medicine
1078,2363.0,약간,slightly
1079,7298.0,약국,pharmacy
1080,,약사,pharmacist 
1081,1203.0,약속,promise
1082,1860.0,약하다,weak 
1083,3421.0,얇다,thin
1084,5248.0,양말,socks 
1085,4535.0,양복,suit 
1086,34701.0,양식,form
1087,,양식집,Western food
1088,,양치질,brushing teeth
1089,237.0,얘기,story
1090,446.0,어,Oh 
1091,975.0,어깨,shoulder 
1092,133.0,어느,which 
1093,1476.0,어둡다,dark
1094,1846.0,어디,where 
1095,845.0,어떠하다,how about
1096,67.0,어떤,which
1097,76.0,어떻다,how
1098,223.0,어렵다,difficult
1099,653.0,어른,adult
1100,4141.0,어리다,young 
1101,4084.0,어린아이,a child
1102,802.0,어린이,child 
1103,106.0,어머니,mother 
1104,2902.0,어머님,mother
1105,1522.0,어서,quickly
1106,990.0,어울리다,"socialize, hang out"
1107,2138.0,어제,yesterday 
1108,5378.0,어젯밤,yesternight
1109,34770.0,억,one hundred million
1110,497.0,언니,sister
1111,667.0,언어,language 
1112,891.0,언제,when 
1113,794.0,언제나,always
1114,331.0,얻다,"get, gain"
1115,157.0,얼굴,face 
1116,4538.0,얼다,freeze 
1117,402.0,얼마,how much
1118,285.0,얼마나,how much
1119,3593.0,얼음,ice 
1120,240.0,엄마,Mom
1121,10.0,없다,no 
1122,3196.0,엉덩이,butt
1123,7071.0,에어컨,air conditioner
1124,4816.0,엘리베이터,elevator
1125,4142.0,여권,passport 
1126,144.0,여기,here 
1127,2084.0,여기저기,here and there
1128,34841.0,여덟,eight
1129,6102.0,여동생,younger sister
1130,13584.0,여든,eighty
1131,117.0,여러,various
1132,1300.0,여러분,everyone
1133,766.0,여름,summer 
1134,3081.0,여보세요,hello
1135,17283.0,여섯,six
1136,146.0,여성,female 
1137,84.0,여자,woman 
1138,,여쭙다,(honorific) ask
1139,3287.0,여학생,female student
1140,984.0,여행,travel 
1141,6642.0,여행사,travel agency
1142,,여행지,travel destination
1143,1667.0,역,station 
1144,208.0,역사,history 
1145,313.0,역시,"too, also"
1146,4364.0,연결,connection 
1147,543.0,연극,theater
1148,2267.0,연락,contact 
1149,15856.0,연락처,contact
1150,3124.0,연말,year-end 
1151,15860.0,연세,age
1152,1896.0,연습,practice
1153,3539.0,연예인,celebrity
1154,3703.0,연필,pencil
1155,4820.0,연휴,holiday 
1156,9266.0,열,ten
1157,,열,fever
1158,287.0,열다,(sb) open (sth)
1159,10159.0,열리다,(sth) open
1160,4143.0,열쇠,key
1161,660.0,열심히,hard
1162,2602.0,열차,train 
1163,5523.0,열흘,ten days
1164,7581.0,엽서,postcard 
1165,6844.0,영,zero 
1166,,영국,UK
1167,,영수증,receipt
1168,1090.0,영어,English 
1169,5037.0,영하,sub-zero
1170,341.0,영화,movie 
1171,11308.0,영화관,cinema 
1172,8168.0,영화배우,movie actor
1173,444.0,옆,next
1174,6107.0,옆집,next door
1175,3289.0,예,example 
1176,,예매,"book, reservation"
1177,1009.0,예쁘다,pretty
1178,21340.0,예순,sixty
1179,205.0,예술,art
1180,28337.0,예습,preparation
1181,9271.0,예약,reservation
1182,1445.0,옛,old 
1183,617.0,옛날,long ago
1184,5386.0,오,five
1185,544.0,오늘,today
1186,71.0,오다,come 
1187,978.0,오래,long 
1188,6108.0,오래간만,long time no see
1189,3046.0,오래되다,get old
1190,2390.0,오랜만,long time
1191,1420.0,오랫동안,for a long time
1192,4145.0,오렌지,orange
1193,394.0,오르다,increase
1194,5651.0,오른손,right hand
1195,1897.0,오른쪽,right side
1196,1000.0,오빠,brother
1197,19100.0,오십,fifty
1198,991.0,오월,May 
1199,7076.0,오이,cucumber 
1200,1193.0,오전,"am, morning"
1201,606.0,오후,"pm, afternoon"
1202,2475.0,온도,temperature
1203,669.0,올라가다,"go up, climb"
1204,1494.0,올라오다,come up
1205,472.0,올리다,raise 
1206,,올림,Sincerely yours
1207,1437.0,올림픽,Olympic
1208,701.0,올해,this year
1209,1172.0,옳다,right 
1210,530.0,옷,clothes 
1211,,옷걸이,hanger
1212,,옷장,wardrobe 
1213,5252.0,와,wow 
1214,10169.0,와이셔츠,dress shirt
1215,795.0,완전히,completely
1216,1142.0,왕,king
1217,159.0,왜,why
1218,1301.0,왜냐하면,because
1219,651.0,외국,foreign
1220,5040.0,외국어,foreign language
1221,1611.0,외국인,foreigner
1222,3322.0,외롭다,lonely
1223,4718.0,외우다,memorize 
1224,5257.0,외출,outing
1225,6649.0,왼손,left hand
1226,1822.0,왼쪽,left
1227,2288.0,요금,fee
1228,1604.0,요리,cooking
1229,6848.0,요리사,chef
1230,7586.0,요일,day of week
1231,399.0,요즘,nowadays
1232,,우동,udon (food)
1233,13.0,우리,"our, we"
1234,181.0,우리나라,our country
1235,1632.0,우산,umbrella 
1236,430.0,우선,"first, above all"
1237,2065.0,우유,milk 
1238,5791.0,우체국,post office
1239,12746.0,우표,stamp
1240,123.0,운동,"exercise, sports"
1241,19150.0,운동복,sportswear
1242,2534.0,운동장,playground
1243,9285.0,운동화,running shoes
1244,3707.0,운전,driving
1245,2580.0,운전사,driver
1246,596.0,울다,cry 
1247,,울산,Ulsan 
1248,3197.0,울음,crying
1249,491.0,움직이다,move
1250,324.0,웃다,laugh
1251,909.0,웃음,laugh
1252,74.0,원,won
1253,10182.0,원피스,one piece (dress)
1254,903.0,원하다,want 
1255,6854.0,월,month
1256,3541.0,월급,salary
1257,4823.0,월요일,Monday
1258,122.0,위,above 
1259,7086.0,위쪽,"topside, upward"
1260,895.0,위치,position 
1261,1744.0,위험,danger
1262,3247.0,유리,glass 
1263,4926.0,유명,famous 
1264,1080.0,유월,June 
1265,3489.0,유치원,kindergarten
1266,2838.0,유학,study abroad
1267,6655.0,유학생,international student
1268,3542.0,유행,fashion 
1269,17406.0,육,six
1270,,육교,overpass 
1271,28580.0,육십,sixty
1272,,윷놀이,yut play
1273,599.0,은행,bank 
1274,1487.0,음,Uh
1275,2291.0,음료,beverage
1276,7093.0,음료수,drink
1277,395.0,음식,food
1278,4372.0,음식점,restaurant
1279,586.0,음악,music 
1280,8499.0,음악가,musician
1281,1110.0,응,yes 
1282,228.0,의미,meaning
1283,2241.0,의사,doctor 
1284,2292.0,의자,chair 
1285,2692.0,이,tooth
1286,,이,this
1287,,이,two
1288,314.0,이거,this 
1289,170.0,이것,this
1290,624.0,이곳,this place
1291,1111.0,이기다,win 
1292,618.0,이날,on this day
1293,,이다,to be
1294,13671.0,이따가,later
1295,548.0,이때,at this time
1296,83.0,이런,this
1297,105.0,이렇다,like this
1298,320.0,이르다,early 
1299,241.0,이름,name
1300,2476.0,이마,forehead 
1301,4827.0,이모,aunt
1302,232.0,이미,already
1303,172.0,이번,this time 
1304,8505.0,이분,this person
1305,2718.0,이불,quilt 
1306,1953.0,이사,move (house)
1307,,이삿짐,moving
1308,194.0,이상,above 
1309,,이상,"strange, unusual"
1310,51771.0,이십,twenty
1311,197.0,이야기,story
1312,1642.0,이용,use 
1313,951.0,이웃,neighborhood
1314,1783.0,이월,February 
1315,249.0,이유,reason
1316,869.0,이전,previous
1317,370.0,이제,now
1318,1885.0,이쪽,this 
1319,2422.0,이틀,two days 
1320,6118.0,이해,understanding 
1321,270.0,이후,after 
1322,2975.0,익다,ripe 
1323,3708.0,익숙하다,be used to
1324,849.0,인기,popularity 
1325,,인도네시아,Indonesia
1326,4374.0,인분,servings
1327,1488.0,인사,greetings 
1328,8512.0,인삼,ginseng
1329,4299.0,인정받다, be recognized
1330,,인천,Incheon 
1331,2452.0,인터넷,internet
1332,4636.0,인형,doll 
1333,29.0,일,work
1334,,일,one
1335,,일,day
1336,17461.0,일곱,seven
1337,7883.0,일기,diary
1338,,일본,Japan 
1339,398.0,일부,part 
1340,52043.0,일식,Japanese food 
1341,,일식집,Japanese restaurant
1342,216.0,일어나다,wake up
1343,1798.0,일어서다,stand up
1344,1784.0,일요일,Sunday
1345,1725.0,일월,January 
1346,1456.0,일주일,one week
1347,1186.0,일찍,early
1348,13695.0,일흔,seventy
1349,209.0,읽다,Ready
1350,756.0,잃다,lose
1351,2606.0,잃어버리다,lose (regretfully)
1352,338.0,입,mouth
1353,2165.0,입구,entrance 
1354,354.0,입다,wear 
1355,1679.0,입술,lips
1356,6293.0,입원,hospitalization 
1357,,입장권,admission ticket
1358,2012.0,입학,admission
1359,,입학시험,entrance exam
1360,888.0,있다,"be at, have"
1361,931.0,잊다,forget
1362,2905.0,잊어버리다,forget (regretfully)
1363,1680.0,잎,leaf 
1364,,자기소개,self-introduction
1365,1385.0,자꾸,repeatedly
1366,541.0,자다,sleep 
1367,796.0,자동차,car
1368,,자동판매기,vending machine
1369,767.0,자라다,grow up 
1370,4303.0,자랑,proud 
1371,1166.0,자르다,cut 
1372,229.0,자리,seat
1373,2255.0,자세히,details
1374,504.0,자식,child 
1375,72.0,자신,self 
1376,348.0,자연,nature 
1377,757.0,자유,freedom 
1378,5048.0,자장면,jajangmyeon (food)
1379,1224.0,자전거,bicycle
1380,674.0,자주,often
1381,8904.0,자판기,vending machine
1382,1040.0,작년,last year
1383,259.0,작다,small 
1384,884.0,잔,"cup, glass"
1385,3710.0,잔치,"feast, party"
1386,68.0,잘,well 
1387,1402.0,잘되다,go well
1388,1775.0,잘못,wrong
1389,1541.0,잘못되다,be wrong
1390,1861.0,잘못하다,do wrong
1391,6668.0,잘생기다,handsome
1392,479.0,잘하다,do well
1393,640.0,잠,sleep 
1394,2607.0,잠깐,for a moment
1395,2144.0,잠시,for a while
1396,4547.0,잠자다,sleep
1397,202.0,잡다,catch 
1398,6878.0,잡수시다,(honorific) eat
1399,1862.0,잡지,magazine
1400,,잡채,Japchae (food)
1401,925.0,장,a sheet 
1402,12051.0,장갑,gloves 
1403,6879.0,장난감,toy
1404,7605.0,장마,rainy season 
1405,12818.0,장미,rose 
1406,1325.0,장소,place 
1407,750.0,재료,material 
1408,1439.0,재미,fun 
1409,5538.0,재미없다,not interesting
1410,697.0,재미있다,interesting
1411,9758.0,재채기,sneeze
1412,56.0,저,that
1413,,저,I
1414,,저,well 
1415,4015.0,저거,that
1416,4304.0,저것,that
1417,52763.0,저곳,over there
1418,,저금,saving
1419,1692.0,저기,there 
1420,634.0,저녁,dinner
1421,3773.0,저런,that
1422,3085.0,저렇다,like that
1423,7897.0,저번,last
1424,,저분,that person
1425,2031.0,저쪽,there
1426,1245.0,저희,us 
1427,1334.0,적다,write
1428,,적다,less 
1429,2583.0,적당하다,suitable 
1430,712.0,전,all
1431,,전,before
1432,3495.0,전공,major
1433,2878.0,전기,electricity 
1434,3202.0,전부,all 
1435,4643.0,전철,train 
1436,329.0,전체,all
1437,797.0,전하다,"deliver, hand down"
1438,496.0,전혀,at all 
1439,375.0,전화,phone
1440,7360.0,전화기,cellphone
1441,3836.0,전화번호,phone number
1442,528.0,젊다,young
1443,3602.0,점수,score 
1444,2256.0,점심,lunch
1445,9328.0,점심때,at lunch
1446,6132.0,점심시간,lunch time
1447,1143.0,점점,gradually
1448,3657.0,접다,fold 
1449,4234.0,접시,dish
1450,4550.0,젓가락,chopsticks
1451,9769.0,정거장,"station, stop"
1452,86.0,정도,degree 
1453,5966.0,정류장,"station, stop"
1454,2323.0,정리,arrangement
1455,349.0,정말,really 
1456,4305.0,정문,front door 
1457,5968.0,정신없이,"hectically, frantically"
1458,5276.0,정원,garden 
1459,803.0,정하다,decide 
1460,,정형외과,orthopedics
1461,,정확,exactness
1462,1466.0,젖다,wet 
1463,,제,my
1464,1524.0,제목,title
1465,733.0,제일,best
1466,,제주도,Jeju Island 
1467,738.0,조금,little 
1468,1735.0,조금씩,gradually
1469,,조심,be careful 
1470,2610.0,조용하다,quiet 
1471,2047.0,조용히,quietly
1472,4835.0,조카,nephew
1473,7913.0,졸다,sleep 
1474,2845.0,졸업,graduate
1475,90.0,좀,little 
1476,1754.0,좁다,narrow 
1477,973.0,종류,type
1478,2512.0,종업원,"employee, worker"
1479,1423.0,종이,paper 
1480,45.0,좋다,good 
1481,438.0,좋아하다,like
1482,2724.0,죄송하다,sorry
1483,2749.0,주,week
1484,23.0,주다,give 
1485,641.0,주로,mainly 
1486,1933.0,주말,weekend
1487,2348.0,주머니,pocket
1488,5816.0,주무시다,(honorific) sleep
1489,10247.0,주문,order 
1490,654.0,주변,"around, surrounding"
1491,1765.0,주부,housewife 
1492,5409.0,주사,injection 
1493,4836.0,주소,address
1494,5553.0,주스,juice
1495,743.0,주위,around 
1496,825.0,주인,master 
1497,9340.0,주일,week
1498,14862.0,주차,parking
1499,5143.0,주차장,parking lot
1500,,주황색,orange color
1501,231.0,죽다,die 
1502,1074.0,준비,ready
1503,1205.0,줄,a rope
1504,2810.0,줄다,shrink
1505,896.0,줄이다,reduce
1506,2781.0,줍다,"pick up, gather"
1507,66.0,중,in the middle of
1508,1681.0,중간,middle 
1509,,중국,China 
1510,11408.0,중국집,Chinese restaurant
1511,308.0,중심,center 
1512,872.0,중앙,central
1513,5974.0,중요,importance
1514,1996.0,중학교,middle school
1515,5053.0,중학생,middle schooler
1516,9345.0,즐거워하다,have fun
1517,1002.0,즐겁다,fun
1518,687.0,즐기다,enjoy 
1519,5284.0,지각,late
1520,3888.0,지갑,wallet 
1521,195.0,지금,now 
1522,961.0,지나가다,pass by
1523,97.0,지나다,pass
1524,1643.0,지난달,last month
1525,3331.0,지난번,last time
1526,7371.0,지난주,last week
1527,523.0,지난해,last year
1528,600.0,지내다,stay 
1529,2751.0,지다,lose 
1530,1901.0,지도,map
1531,4161.0,지루하다,bored 
1532,1644.0,지르다,yell
1533,275.0,지방,region
1534,11421.0,지우개,eraser
1535,2812.0,지우다,delete 
1536,381.0,지키다,protect 
1537,1745.0,지하,basement
1538,11424.0,지하도,underpass
1539,1755.0,지하철,subway
1540,,지하철역,subway station
1541,1578.0,직업,job
1542,1187.0,직원,staff 
1543,1052.0,직장,workplace 
1544,561.0,직접,directly
1545,2480.0,진짜,really
1546,3018.0,진하다,"thick, dense"
1547,1144.0,질문,question
1548,2538.0,짐,"luggage, cargo"
1549,49.0,집,house 
1550,,집들이,housewarming
1551,4468.0,집안일,housework
1552,247.0,짓다,build 
1553,3207.0,짜다,salty
1554,3663.0,짜증,annoyance
1555,1622.0,짝,pair 
1556,856.0,짧다,short
1557,,짬뽕,Champong (food)
1558,6142.0,쪽,"direction, way"
1559,6693.0,찌개,stew 
1560,7638.0,찌다,gain
1561,,찌다,steam 
1562,1188.0,찍다,"set, stamp"
1563,962.0,차,car 
1564,,차,tea
1565,2067.0,차갑다,cold
1566,994.0,차다,"be full, be filled"
1567,,차다,kick
1568,,차다,wear (watch)
1569,,차다,cold
1570,658.0,차례,"order, turn"
1571,1567.0,착하다,kind
1572,4740.0,찬물,cold water 
1573,622.0,참,very
1574,1053.0,참다,suppress
1575,5288.0,참외,melon 
1576,2033.0,창문,window
1577,191.0,찾다,find
1578,1424.0,찾아가다,to go to
1579,1112.0,찾아보다,to look for
1580,1023.0,찾아오다,come to
1581,3053.0,채소,vegetable
1582,215.0,책,book 
1583,1653.0,책상,desk 
1584,,책장,bookshelf 
1585,184.0,처음,first
1586,3952.0,천,thousand 
1587,,천만,ten million 
1588,1683.0,천천히,slowly
1589,670.0,첫,first
1590,3664.0,첫날,first day
1591,4386.0,첫째,first
1592,2259.0,청년,youth
1593,10274.0,청바지,blue jeans
1594,2484.0,청소,cleaning 
1595,1108.0,청소년,teenager
1596,14922.0,체육관,gym
1597,,체크무늬,checkered (clothes)
1598,1206.0,쳐다보다,look at
1599,1181.0,초,beginning 
1600,,초,second 
1601,8572.0,초대,invitation 
1602,,초대장,invitation card
1603,9369.0,초등학교,elementary school
1604,55056.0,초등학생,elementary student
1605,16217.0,초록색,green
1606,8235.0,초콜릿,chocolate
1607,587.0,최고,"best, highest"
1608,278.0,최근,recent
1609,2426.0,추다,dance 
1610,4242.0,추석,Chuseok 
1611,1317.0,축구,soccer 
1612,16227.0,축구공,soccer ball
1613,5982.0,축하,congrats
1614,6149.0,출구,exit
1615,4470.0,출근,go work
1616,2881.0,출발,depart
1617,,출석,attendance
1618,3955.0,출입,access
1619,17710.0,출입국,immigration
1620,5686.0,출장,business trip 
1621,8956.0,출퇴근,commute
1622,1458.0,춤,dance 
1623,5154.0,춤추다,to dance
1624,1654.0,춥다,cold
1625,1624.0,충분하다,enough
1626,2671.0,취미,hobby
1627,5983.0,취소,cancel
1628,4844.0,취직,employment
1629,922.0,층,floor 
1630,8960.0,치과,dentist
1631,7133.0,치다,hit 
1632,1542.0,치료,treatment
1633,2457.0,치마,skirt 
1634,7649.0,치약,toothpaste
1635,,치킨,chicken
1636,147.0,친구,friend 
1637,6318.0,친절,kindness
1638,2458.0,친척,relative
1639,3209.0,친하다,close
1640,14947.0,칠,seven
1641,19607.0,칠십,seventy
1642,1404.0,칠월,July
1643,10833.0,칠판,blackboard
1644,1670.0,침대,bed 
1645,6319.0,침실,bedroom
1646,8589.0,칫솔,toothbrush
1647,2947.0,칭찬,compliment
1648,2184.0,카드,card
1649,9816.0,카레,curry (food)
1650,2298.0,카메라,camera
1651,2848.0,카페,cafe
1652,2273.0,칼,knife 
1653,14950.0,칼국수,kalguksu
1654,,캐나다,Canada
1655,383.0,커피,coffee
1656,,커피숍,coffee shop
1657,282.0,컴퓨터,computer
1658,1414.0,컵,cup
1659,,케이크,cake
1660,2427.0,켜다,turn on 
1661,,켜다,turn on 
1662,,켤레,pair 
1663,1335.0,코,nose 
1664,10292.0,코끼리,elephant
1665,10293.0,콘서트,concert
1666,5567.0,콜라,Cola
1667,,콧물,"snot, nose run"
1668,2226.0,콩,bean 
1669,1054.0,크기,size
1670,39.0,크다,big 
1671,10839.0,크리스마스,Christmas
1672,10294.0,큰소리,loud 
1673,1124.0,키,height
1674,980.0,키우다,raise
1675,2784.0,킬로그램,kilogram
1676,1997.0,킬로미터,kilometer
1677,2121.0,타다,burn
1678,,타다,"take, ride"
1679,,타다,make
1680,10840.0,탁구,ping-pong
1681,,탕수육,tangsuyuk (food)
1682,,태국,Thailand
1683,6321.0,태권도,Taekwondo
1684,,태극기,"Korean flag, taegeukgi"
1685,741.0,태도,attitude 
1686,684.0,태어나다,born
1687,4748.0,태풍,typhoon
1688,,택배,"parcel, delivery"
1689,1824.0,택시,taxi
1690,8250.0,터미널,terminal
1691,5157.0,테니스,tennis
1692,,테니스장,tennis court
1693,2639.0,테이블,table
1694,940.0,텔레비전,television
1695,4567.0,토끼,rabbit
1696,3505.0,토마토,tomato
1697,2327.0,토요일,Saturday
1698,3611.0,통장,bankbook
1699,4847.0,통화,call
1700,5690.0,퇴근,leave work
1701,12961.0,퇴원,"discharge, leave hospital"
1702,6918.0,튀기다,fry 
1703,11478.0,튀김,fried 
1704,3446.0,트럭,truck
1705,1693.0,특별하다,special
1706,2728.0,특별히,especially
1707,192.0,특히,especially
1708,2948.0,튼튼하다,strong
1709,2122.0,틀다,turn on
1710,1837.0,틀리다,wrong 
1711,9830.0,티셔츠,t-shirt
1712,664.0,팀,team 
1713,12965.0,파란색,blue color
1714,3506.0,파랗다,blue
1715,4849.0,파티,party
1716,957.0,팔,arm 
1717,,팔,eight
1718,657.0,팔다,sell
1719,3253.0,팔리다,"sell, be sold"
1720,29719.0,팔십,eighty
1721,1527.0,팔월,August
1722,916.0,펴다,unfold
1723,,편리,convenience
1724,,편안,"peace, comfort"
1725,37520.0,편의점,convenience store
1726,952.0,편지,letter 
1727,,편찮다,"unwell, sick"
1728,1449.0,편하다,relaxing
1729,1469.0,평소,usually
1730,10314.0,평일,weekday
1731,8603.0,포도,grape 
1732,4246.0,포장,wrapping
1733,2672.0,표,ticket
1734,1227.0,푸르다,green
1735,4478.0,푹,"good, well"
1736,558.0,풀다,solve
1737,2398.0,풍경,landscape 
1738,,프라이팬,frying pan
1739,,프랑스,France 
1740,356.0,프로그램,program
1741,1811.0,피,blood 
1742,9395.0,피곤,tired
1743,1770.0,피다,bloom 
1744,4572.0,피아노,piano 
1745,1239.0,피우다,bloom 
1746,8264.0,피자,pizza
1747,342.0,필요,need
1748,19748.0,필통,pencil case
1749,119.0,하나,one
1750,344.0,하늘,sky 
1751,,하늘색,sky blue
1752,7.0,하다,do 
1753,,-하다,be-
1754,361.0,하루,day 
1755,,하숙비,lodging fee
1756,3898.0,하숙집,boarding house
1757,57151.0,하얀색,white color
1758,1528.0,하얗다,white
1759,467.0,하지만,however
1760,125.0,학교,school
1761,2515.0,학기,semester 
1762,512.0,학년,grade
1763,238.0,학생,student
1764,19755.0,학생증,student ID
1765,3451.0,학원,academy 
1766,27.0,한,one
1767,6721.0,한가하다,"free, spare"
1768,,한강,Han river 
1769,,한국,Korea 
1770,1267.0,한글,Hangul 
1771,1712.0,한두,one or two
1772,382.0,한번,once
1773,2614.0,한복,Hanbok
1774,22159.0,한식,Korean food 
1775,,한식집,Korean restaurant 
1776,,한옥,Hanok house
1777,5067.0,한잔,a drink
1778,,한턱,a treat
1779,536.0,할머니,grandmother
1780,682.0,할아버지,grandfather
1781,7958.0,할인,discount 
1782,95.0,함께,together
1783,6165.0,항공,airline
1784,,항공권,airline ticket
1785,754.0,항상,always
1786,1551.0,해,sun
1787,2540.0,해마다,every year
1788,1387.0,해외,overseas
1789,9409.0,해외여행,overseas travel
1790,6340.0,햄버거,hamburger
1791,2949.0,햇빛,sunshine
1792,445.0,행동,action
1793,1969.0,행복,happiness 
1794,1138.0,행사,event
1795,1082.0,허리,waist 
1796,2228.0,헤어지다,broke up
1797,,헬스클럽,health club
1798,2260.0,혀,tongue 
1799,2302.0,현금,cash 
1800,411.0,현재,currently 
1801,702.0,형,brother 
1802,2107.0,형제,"brother, sibling"
1803,1544.0,호,"No. (number, issue)"
1804,2150.0,호랑이,tiger
1805,4252.0,호수,lake 
1806,2460.0,호텔,hotel
1807,1426.0,혹시,maybe 
1808,367.0,혼자,alone 
1809,15078.0,홍차,black tea
1810,1714.0,화,angry
1811,3172.0,화가,painter 
1812,8998.0,화나다,angry
1813,,화내다,get angry
1814,2108.0,화려하다,gorgeous
1815,13987.0,화요일,Tuesday
1816,1904.0,화장실,restroom
1817,1936.0,화장품,cosmetics
1818,8282.0,환영,welcome 
1819,689.0,환자,patient 
1820,,환전,currency exchange 
1821,5698.0,활발히,actively
1822,768.0,회,"episode, edition"
1823,389.0,회사,company 
1824,,회사원,office worker
1825,3964.0,회색,gray 
1826,1730.0,회원,member
1827,537.0,회의,meeting 
1828,8633.0,횡단보도,crosswalk
1829,149.0,후,after 
1830,2541.0,후배,junior 
1831,966.0,훌륭하다,excellent
1832,642.0,훨씬,more
1833,2542.0,휴가,vacation 
1834,,휴게실,rest area
1835,,휴대폰,cellphone
1836,5070.0,휴일,dayoff
1837,6169.0,휴지,tissue 
1838,10353.0,휴지통,trash can
1839,459.0,흐르다,flow 
1840,6941.0,흐리다,"cloudy, murky"
1841,1234.0,흔들다,shake
1842,1308.0,흘리다,"cry, shed"
1843,1529.0,희망,hope
1844,1999.0,흰색,white color
1845,224.0,힘,power 
1846,489.0,힘들다,"hard, tough"
